{"content":[],"settings":{"template":"default","system_colors":[{"_id":"primary","title":"Prim\u00e1rio","color":"#6EC1E4"},{"_id":"secondary","title":"Secund\u00e1rio","color":"#54595F"},{"_id":"text","title":"Texto","color":"#7A7A7A"},{"_id":"accent","title":"Realce","color":"#61CE70"}],"custom_colors":[{"_id":"968cd15","title":"Azul Global","color":"#09235C"},{"_id":"20257e2","title":"Amarelo Global","color":"#F5AB00"}],"system_typography":[{"_id":"primary","title":"Prim\u00e1rio","typography_typography":"custom","typography_font_family":"Public Sans","typography_font_weight":"600"},{"_id":"secondary","title":"Secund\u00e1rio","typography_typography":"custom","typography_font_family":"Public Sans","typography_font_weight":"400"},{"_id":"text","title":"Texto","typography_typography":"custom","typography_font_family":"Public Sans","typography_font_weight":"400"},{"_id":"accent","title":"Realce","typography_typography":"custom","typography_font_family":"Public Sans","typography_font_weight":"500"}],"custom_typography":[],"default_generic_fonts":"Sans-serif","body_typography_typography":"custom","body_typography_font_family":"Public Sans","paragraph_spacing":{"unit":"px","size":0,"sizes":[]},"link_normal_typography_typography":"custom","link_normal_typography_font_family":"Public Sans","h1_typography_typography":"custom","h1_typography_font_family":"Public Sans","h2_typography_typography":"custom","h2_typography_font_family":"Public Sans","h3_typography_typography":"custom","h3_typography_font_family":"Public Sans","h4_typography_typography":"custom","h4_typography_font_family":"Public Sans","h5_typography_typography":"custom","h5_typography_font_family":"Public Sans","h6_typography_typography":"custom","h6_typography_font_family":"Public Sans","button_typography_typography":"custom","button_typography_font_family":"Public Sans","button_border_radius":{"unit":"px","top":"0","right":"0","bottom":"0","left":"0","isLinked":false},"button_padding":{"unit":"px","top":"8","right":"16","bottom":"8","left":"16","isLinked":false},"container_padding":{"unit":"px","top":"0","right":"0","bottom":"0","left":"0","isLinked":false},"space_between_widgets":{"column":"0","row":"0","isLinked":false,"unit":"px","size":0},"page_title_selector":"h1.entry-title","active_breakpoints":["viewport_mobile","viewport_tablet","viewport_laptop"],"hello_footer_copyright_text":"Todos os direitos reservados","viewport_md":768,"viewport_lg":1025,"typography_enable_styleguide_preview":"yes","activeItemIndex":1},"metadata":[],"theme":{"name":"Hello Elementor","theme_uri":"https:\/\/elementor.com\/hello-theme\/?utm_source=wp-themes&utm_campaign=theme-uri&utm_medium=wp-dash","version":"3.4.4","slug":"hello-elementor"},"experiments":{"e_font_icon_svg":{"name":"e_font_icon_svg","title":"\u00cdcones de fontes em linha","state":"default","default":"active","release_status":"stable"},"additional_custom_breakpoints":{"name":"additional_custom_breakpoints","title":"Pontos de interrup\u00e7\u00e3o personalizados adicionais","state":"default","default":"active","release_status":"stable"},"container":{"name":"container","title":"Cont\u00eainer","state":"default","default":"active","release_status":"stable"},"e_optimized_markup":{"name":"e_optimized_markup","title":"Marca\u00e7\u00e3o otimizada","state":"default","default":"active","release_status":"stable"},"theme_builder_v2":{"name":"theme_builder_v2","title":"Default to New Theme Builder","state":"default","default":"active","release_status":"stable"},"hello-theme-header-footer":{"name":"hello-theme-header-footer","title":"Cabe\u00e7alho e rodap\u00e9","state":"default","default":"active","release_status":"stable"},"e_pro_free_trial_popup":{"name":"e_pro_free_trial_popup","title":"Pop-up de avalia\u00e7\u00e3o gratuita do Pro","state":"default","default":"active","release_status":"alpha"},"nested-elements":{"name":"nested-elements","title":"Elementos aninhados","state":"default","default":"active","release_status":"stable"},"pages_panel":{"name":"pages_panel","title":"Painel de p\u00e1ginas","state":"default","default":"inactive","release_status":"alpha"},"home_screen":{"name":"home_screen","title":"Tela inicial do Elementor","state":"default","default":"active","release_status":"stable"},"e_atomic_elements":{"name":"e_atomic_elements","title":"Widgets at\u00f4micos","state":"default","default":"inactive","release_status":"alpha"},"e_classes":{"name":"e_classes","title":"Classes globais","state":"default","default":"inactive","release_status":"alpha"},"global_classes_should_enforce_capabilities":{"name":"global_classes_should_enforce_capabilities","title":"Aplicar permiss\u00f5es de classes globais","state":"default","default":"active","release_status":"dev"},"e_variables":{"name":"e_variables","title":"Vari\u00e1veis","state":"default","default":"active","release_status":"alpha"},"cloud-library":{"name":"cloud-library","title":"Biblioteca na nuvem","state":"active","default":"active","release_status":"stable"},"e_opt_in_v4_page":{"name":"e_opt_in_v4_page","title":"Editor v4 (p\u00e1gina de aceita\u00e7\u00e3o)","state":"default","default":"active","release_status":"alpha"},"e_opt_in_v4":{"name":"e_opt_in_v4","title":"Editor V4","state":"default","default":"inactive","release_status":"alpha"},"e_components":{"name":"e_components","title":"Componentes","state":"default","default":"inactive","release_status":"dev"},"import-export-customization":{"name":"import-export-customization","title":"Personaliza\u00e7\u00e3o da importa\u00e7\u00e3o\/exporta\u00e7\u00e3o","state":"default","default":"active","release_status":"beta"},"mega-menu":{"name":"mega-menu","title":"Menu","state":"default","default":"active","release_status":"beta"},"e_pro_variables":{"name":"e_pro_variables","title":"Size Variables","state":"default","default":"active","release_status":"alpha"},"editor_events":{"name":"editor_events","title":"Eventos do editor do Elementor","state":"default","default":"active","release_status":"alpha"}}}